<?xml version="1.0" encoding="UTF-8"?>
<project-private xmlns="http://www.netbeans.org/ns/project-private/1">
    <editor-bookmarks xmlns="http://www.netbeans.org/ns/editor-bookmarks/2" lastBookmarkId="0"/>
    <open-files xmlns="http://www.netbeans.org/ns/projectui-open-files/2">
        <group>
            <file>file:/C:/Users/Thayná/OneDrive/Área%20de%20Trabalho/ProjetoFinalATU2/src/br/com/login/view/TelaVelocidadeMedia1.java</file>
            <file>file:/C:/Users/Thayná/OneDrive/Área%20de%20Trabalho/ProjetoFinalATU2/src/br/com/login/view/LoginView.java</file>
            <file>file:/C:/Users/Thayná/OneDrive/Área%20de%20Trabalho/ProjetoFinalATU2/src/br/com/login/view/TelaTemperatura.java</file>
            <file>file:/C:/Users/Thayná/OneDrive/Área%20de%20Trabalho/ProjetoFinalATU2/src/br/com/login/view/TelaSelecionar.java</file>
            <file>file:/C:/Users/Thayná/OneDrive/Área%20de%20Trabalho/ProjetoFinalATU2/src/br/com/login/view/TelaAgradecimento.java</file>
            <file>file:/C:/Users/Thayná/OneDrive/Área%20de%20Trabalho/ProjetoFinalATU2/src/br/com/login/view/TelaInicial.java</file>
            <file>file:/C:/Users/Thayná/OneDrive/Área%20de%20Trabalho/ProjetoFinalATU2/src/br/com/login/view/SaibaMais2.java</file>
            <file>file:/C:/Users/Thayná/OneDrive/Área%20de%20Trabalho/ProjetoFinalATU2/src/br/com/login/view/TelaPesoPlanetas.java</file>
            <file>file:/C:/Users/Thayná/OneDrive/Área%20de%20Trabalho/ProjetoFinalATU2/src/br/com/login/view/CadastroView.java</file>
            <file>file:/C:/Users/Thayná/OneDrive/Área%20de%20Trabalho/ProjetoFinalATU2/src/br/com/login/view/TelaSaibaMais.java</file>
        </group>
    </open-files>
</project-private>
